<?xml version="1.0" encoding="utf-8"?>
<pages>
  <link>
    <title>Jaunpur</title>
    <url>#https://www.w3schools.com/tags/tag_a.asp</url>
  </link>
  <link>
    <title>Allahabad</title>
    <url>#https://www.w3schools.com/tags/tag_br.asp</url>
  </link>
  <link>
    <title>Kanpur</title>
    <url>#https://www.w3schools.com/cssref/css3_pr_background.asp</url>
  </link>
  <link>
    <title>Varansi</title>
    <url>#https://www.w3schools.com/cssref/pr_border.asp</url>
  </link>
  <link>
    <title>Pratapgarh</title>
    <url>#https://www.w3schools.com/jsref/jsref_obj_date.asp</url>
  </link>
  <link>
    <title>Agra</title>
    <url>#https://www.w3schools.com/jsref/jsref_obj_array.asp</url>
  </link>
</pages>